GEO.id,GEO.id2,GEO.display-label,HD01_VD01,HD02_VD01
0500000US01003,01003,"Baldwin County, Alabama",0.430,0.022
0500000US01015,01015,"Calhoun County, Alabama",0.456,0.030
0500000US01043,01043,"Cullman County, Alabama",0.461,0.029
0500000US01049,01049,"DeKalb County, Alabama",0.438,0.033
0500000US01051,01051,"Elmore County, Alabama",0.384,0.025
0500000US01055,01055,"Etowah County, Alabama",0.436,0.023
0500000US01069,01069,"Houston County, Alabama",0.491,0.028
0500000US01073,01073,"Jefferson County, Alabama",0.494,0.019
0500000US01077,01077,"Lauderdale County, Alabama",0.457,0.022
0500000US01081,01081,"Lee County, Alabama",0.485,0.016
0500000US01083,01083,"Limestone County, Alabama",0.455,0.026
0500000US01089,01089,"Madison County, Alabama",0.436,0.011
0500000US01095,01095,"Marshall County, Alabama",0.437,0.024
0500000US01097,01097,"Mobile County, Alabama",0.475,0.017
0500000US01101,01101,"Montgomery County, Alabama",0.476,0.018
0500000US01103,01103,"Morgan County, Alabama",0.464,0.030
0500000US01115,01115,"St. Clair County, Alabama",0.406,0.027
0500000US01117,01117,"Shelby County, Alabama",0.430,0.020
0500000US01121,01121,"Talladega County, Alabama",0.450,0.026
0500000US01125,01125,"Tuscaloosa County, Alabama",0.520,0.025
0500000US01127,01127,"Walker County, Alabama",0.421,0.028
0500000US02020,02020,"Anchorage Municipality, Alaska",0.429,0.018
0500000US02090,02090,"Fairbanks North Star Borough, Alaska",0.413,0.034
0500000US02170,02170,"Matanuska-Susitna Borough, Alaska",0.388,0.023
0500000US04001,04001,"Apache County, Arizona",0.497,0.026
0500000US04003,04003,"Cochise County, Arizona",0.458,0.028
0500000US04005,04005,"Coconino County, Arizona",0.457,0.029
0500000US04013,04013,"Maricopa County, Arizona",0.449,0.006
0500000US04015,04015,"Mohave County, Arizona",0.439,0.025
0500000US04017,04017,"Navajo County, Arizona",0.434,0.029
0500000US04019,04019,"Pima County, Arizona",0.455,0.010
0500000US04021,04021,"Pinal County, Arizona",0.402,0.018
0500000US04025,04025,"Yavapai County, Arizona",0.439,0.024
0500000US04027,04027,"Yuma County, Arizona",0.435,0.024
0500000US05007,05007,"Benton County, Arkansas",0.448,0.036
0500000US05031,05031,"Craighead County, Arkansas",0.444,0.022
0500000US05045,05045,"Faulkner County, Arkansas",0.463,0.028
0500000US05051,05051,"Garland County, Arkansas",0.496,0.046
0500000US05069,05069,"Jefferson County, Arkansas",0.493,0.062
0500000US05119,05119,"Pulaski County, Arkansas",0.487,0.017
0500000US05125,05125,"Saline County, Arkansas",0.380,0.019
0500000US05131,05131,"Sebastian County, Arkansas",0.460,0.032
0500000US05143,05143,"Washington County, Arkansas",0.432,0.018
0500000US05145,05145,"White County, Arkansas",0.460,0.047
0500000US06001,06001,"Alameda County, California",0.450,0.008
0500000US06007,06007,"Butte County, California",0.439,0.016
0500000US06013,06013,"Contra Costa County, California",0.453,0.011
0500000US06017,06017,"El Dorado County, California",0.421,0.019
0500000US06019,06019,"Fresno County, California",0.453,0.012
0500000US06023,06023,"Humboldt County, California",0.443,0.027
0500000US06025,06025,"Imperial County, California",0.444,0.027
0500000US06029,06029,"Kern County, California",0.452,0.010
0500000US06031,06031,"Kings County, California",0.405,0.019
0500000US06033,06033,"Lake County, California",0.388,0.032
0500000US06037,06037,"Los Angeles County, California",0.484,0.004
0500000US06039,06039,"Madera County, California",0.457,0.040
0500000US06041,06041,"Marin County, California",0.498,0.022
0500000US06045,06045,"Mendocino County, California",0.467,0.039
0500000US06047,06047,"Merced County, California",0.447,0.018
0500000US06053,06053,"Monterey County, California",0.451,0.023
0500000US06055,06055,"Napa County, California",0.458,0.029
0500000US06057,06057,"Nevada County, California",0.430,0.025
0500000US06059,06059,"Orange County, California",0.458,0.007
0500000US06061,06061,"Placer County, California",0.431,0.021
0500000US06065,06065,"Riverside County, California",0.427,0.008
0500000US06067,06067,"Sacramento County, California",0.428,0.009
0500000US06071,06071,"San Bernardino County, California",0.417,0.009
0500000US06073,06073,"San Diego County, California",0.451,0.007
0500000US06075,06075,"San Francisco County, California",0.497,0.012
0500000US06077,06077,"San Joaquin County, California",0.428,0.012
0500000US06079,06079,"San Luis Obispo County, California",0.467,0.018
0500000US06081,06081,"San Mateo County, California",0.463,0.012
0500000US06083,06083,"Santa Barbara County, California",0.480,0.018
0500000US06085,06085,"Santa Clara County, California",0.456,0.010
0500000US06087,06087,"Santa Cruz County, California",0.463,0.026
0500000US06089,06089,"Shasta County, California",0.453,0.026
0500000US06095,06095,"Solano County, California",0.405,0.014
0500000US06097,06097,"Sonoma County, California",0.440,0.017
0500000US06099,06099,"Stanislaus County, California",0.447,0.015
0500000US06101,06101,"Sutter County, California",0.423,0.029
0500000US06107,06107,"Tulare County, California",0.454,0.019
0500000US06111,06111,"Ventura County, California",0.431,0.012
0500000US06113,06113,"Yolo County, California",0.448,0.020
0500000US06115,06115,"Yuba County, California",0.433,0.025
0500000US08001,08001,"Adams County, Colorado",0.397,0.016
0500000US08005,08005,"Arapahoe County, Colorado",0.456,0.013
0500000US08013,08013,"Boulder County, Colorado",0.470,0.016
0500000US08031,08031,"Denver County, Colorado",0.502,0.014
0500000US08035,08035,"Douglas County, Colorado",0.361,0.024
0500000US08041,08041,"El Paso County, Colorado",0.419,0.010
0500000US08059,08059,"Jefferson County, Colorado",0.416,0.010
0500000US08069,08069,"Larimer County, Colorado",0.451,0.016
0500000US08077,08077,"Mesa County, Colorado",0.434,0.026
0500000US08101,08101,"Pueblo County, Colorado",0.460,0.029
0500000US08123,08123,"Weld County, Colorado",0.427,0.028
0500000US09001,09001,"Fairfield County, Connecticut",0.542,0.011
0500000US09003,09003,"Hartford County, Connecticut",0.455,0.010
0500000US09005,09005,"Litchfield County, Connecticut",0.426,0.022
0500000US09007,09007,"Middlesex County, Connecticut",0.389,0.015
0500000US09009,09009,"New Haven County, Connecticut",0.442,0.010
0500000US09011,09011,"New London County, Connecticut",0.413,0.021
0500000US09013,09013,"Tolland County, Connecticut",0.391,0.020
0500000US09015,09015,"Windham County, Connecticut",0.372,0.017
0500000US10001,10001,"Kent County, Delaware",0.430,0.031
0500000US10003,10003,"New Castle County, Delaware",0.432,0.013
0500000US10005,10005,"Sussex County, Delaware",0.425,0.016
0500000US11001,11001,"District of Columbia, District of Columbia",0.537,0.012
0500000US12001,12001,"Alachua County, Florida",0.517,0.020
0500000US12005,12005,"Bay County, Florida",0.422,0.020
0500000US12009,12009,"Brevard County, Florida",0.436,0.013
0500000US12011,12011,"Broward County, Florida",0.466,0.008
0500000US12015,12015,"Charlotte County, Florida",0.422,0.036
0500000US12017,12017,"Citrus County, Florida",0.434,0.022
0500000US12019,12019,"Clay County, Florida",0.352,0.018
0500000US12021,12021,"Collier County, Florida",0.500,0.016
0500000US12023,12023,"Columbia County, Florida",0.435,0.036
0500000US12031,12031,"Duval County, Florida",0.454,0.012
0500000US12033,12033,"Escambia County, Florida",0.447,0.018
0500000US12035,12035,"Flagler County, Florida",0.410,0.051
0500000US12053,12053,"Hernando County, Florida",0.419,0.021
0500000US12055,12055,"Highlands County, Florida",0.383,0.021
0500000US12057,12057,"Hillsborough County, Florida",0.465,0.013
0500000US12061,12061,"Indian River County, Florida",0.525,0.036
0500000US12069,12069,"Lake County, Florida",0.430,0.020
0500000US12071,12071,"Lee County, Florida",0.461,0.015
0500000US12073,12073,"Leon County, Florida",0.471,0.017
0500000US12081,12081,"Manatee County, Florida",0.448,0.019
0500000US12083,12083,"Marion County, Florida",0.422,0.015
0500000US12085,12085,"Martin County, Florida",0.520,0.026
0500000US12086,12086,"Miami-Dade County, Florida",0.502,0.007
0500000US12087,12087,"Monroe County, Florida",0.524,0.041
0500000US12089,12089,"Nassau County, Florida",0.433,0.033
0500000US12091,12091,"Okaloosa County, Florida",0.438,0.023
0500000US12095,12095,"Orange County, Florida",0.454,0.011
0500000US12097,12097,"Osceola County, Florida",0.405,0.016
0500000US12099,12099,"Palm Beach County, Florida",0.482,0.007
0500000US12101,12101,"Pasco County, Florida",0.430,0.012
0500000US12103,12103,"Pinellas County, Florida",0.471,0.011
0500000US12105,12105,"Polk County, Florida",0.419,0.013
0500000US12107,12107,"Putnam County, Florida",0.468,0.037
0500000US12109,12109,"St. Johns County, Florida",0.485,0.032
0500000US12111,12111,"St. Lucie County, Florida",0.420,0.016
0500000US12113,12113,"Santa Rosa County, Florida",0.384,0.023
0500000US12115,12115,"Sarasota County, Florida",0.472,0.015
0500000US12117,12117,"Seminole County, Florida",0.441,0.016
0500000US12119,12119,"Sumter County, Florida",0.393,0.040
0500000US12127,12127,"Volusia County, Florida",0.473,0.018
0500000US13015,13015,"Bartow County, Georgia",0.427,0.044
0500000US13021,13021,"Bibb County, Georgia",0.465,0.023
0500000US13045,13045,"Carroll County, Georgia",0.387,0.029
0500000US13051,13051,"Chatham County, Georgia",0.495,0.023
0500000US13057,13057,"Cherokee County, Georgia",0.419,0.051
0500000US13059,13059,"Clarke County, Georgia",0.516,0.020
0500000US13063,13063,"Clayton County, Georgia",0.369,0.014
0500000US13067,13067,"Cobb County, Georgia",0.433,0.013
0500000US13073,13073,"Columbia County, Georgia",0.375,0.024
0500000US13077,13077,"Coweta County, Georgia",0.386,0.023
0500000US13089,13089,"DeKalb County, Georgia",0.451,0.011
0500000US13095,13095,"Dougherty County, Georgia",0.479,0.029
0500000US13097,13097,"Douglas County, Georgia",0.387,0.025
0500000US13113,13113,"Fayette County, Georgia",0.382,0.023
0500000US13115,13115,"Floyd County, Georgia",0.454,0.025
0500000US13117,13117,"Forsyth County, Georgia",0.361,0.019
0500000US13121,13121,"Fulton County, Georgia",0.524,0.010
0500000US13127,13127,"Glynn County, Georgia",0.483,0.036
0500000US13135,13135,"Gwinnett County, Georgia",0.399,0.010
0500000US13139,13139,"Hall County, Georgia",0.426,0.020
0500000US13151,13151,"Henry County, Georgia",0.373,0.022
0500000US13153,13153,"Houston County, Georgia",0.409,0.023
0500000US13185,13185,"Lowndes County, Georgia",0.461,0.028
0500000US13215,13215,"Muscogee County, Georgia",0.478,0.030
0500000US13217,13217,"Newton County, Georgia",0.428,0.060
0500000US13223,13223,"Paulding County, Georgia",0.328,0.025
0500000US13245,13245,"Richmond County, Georgia",0.474,0.031
0500000US13247,13247,"Rockdale County, Georgia",0.383,0.033
0500000US13297,13297,"Walton County, Georgia",0.351,0.026
0500000US13313,13313,"Whitfield County, Georgia",0.419,0.027
0500000US15001,15001,"Hawaii County, Hawaii",0.482,0.032
0500000US15003,15003,"Honolulu County, Hawaii",0.425,0.009
0500000US15009,15009,"Maui County, Hawaii",0.450,0.031
0500000US16001,16001,"Ada County, Idaho",0.421,0.016
0500000US16005,16005,"Bannock County, Idaho",0.431,0.025
0500000US16019,16019,"Bonneville County, Idaho",0.407,0.021
0500000US16027,16027,"Canyon County, Idaho",0.397,0.026
0500000US16055,16055,"Kootenai County, Idaho",0.423,0.022
0500000US16083,16083,"Twin Falls County, Idaho",0.395,0.039
0500000US17001,17001,"Adams County, Illinois",0.411,0.027
0500000US17019,17019,"Champaign County, Illinois",0.457,0.016
0500000US17031,17031,"Cook County, Illinois",0.488,0.006
0500000US17037,17037,"DeKalb County, Illinois",0.388,0.020
0500000US17043,17043,"DuPage County, Illinois",0.428,0.011
0500000US17089,17089,"Kane County, Illinois",0.420,0.015
0500000US17091,17091,"Kankakee County, Illinois",0.392,0.021
0500000US17093,17093,"Kendall County, Illinois",0.317,0.020
0500000US17097,17097,"Lake County, Illinois",0.460,0.012
0500000US17099,17099,"LaSalle County, Illinois",0.414,0.020
0500000US17111,17111,"McHenry County, Illinois",0.384,0.016
0500000US17113,17113,"McLean County, Illinois",0.426,0.015
0500000US17115,17115,"Macon County, Illinois",0.439,0.021
0500000US17119,17119,"Madison County, Illinois",0.421,0.017
0500000US17143,17143,"Peoria County, Illinois",0.464,0.023
0500000US17161,17161,"Rock Island County, Illinois",0.435,0.021
0500000US17163,17163,"St. Clair County, Illinois",0.420,0.013
0500000US17167,17167,"Sangamon County, Illinois",0.443,0.020
0500000US17179,17179,"Tazewell County, Illinois",0.409,0.027
0500000US17183,17183,"Vermilion County, Illinois",0.426,0.027
0500000US17197,17197,"Will County, Illinois",0.379,0.011
0500000US17201,17201,"Winnebago County, Illinois",0.432,0.015
0500000US18003,18003,"Allen County, Indiana",0.424,0.018
0500000US18005,18005,"Bartholomew County, Indiana",0.412,0.038
0500000US18019,18019,"Clark County, Indiana",0.395,0.021
0500000US18035,18035,"Delaware County, Indiana",0.461,0.033
0500000US18039,18039,"Elkhart County, Indiana",0.424,0.026
0500000US18043,18043,"Floyd County, Indiana",0.397,0.027
0500000US18053,18053,"Grant County, Indiana",0.394,0.022
0500000US18057,18057,"Hamilton County, Indiana",0.429,0.023
0500000US18059,18059,"Hancock County, Indiana",0.372,0.025
0500000US18063,18063,"Hendricks County, Indiana",0.369,0.024
0500000US18067,18067,"Howard County, Indiana",0.435,0.025
0500000US18081,18081,"Johnson County, Indiana",0.388,0.023
0500000US18085,18085,"Kosciusko County, Indiana",0.392,0.024
0500000US18089,18089,"Lake County, Indiana",0.430,0.014
0500000US18091,18091,"LaPorte County, Indiana",0.392,0.023
0500000US18095,18095,"Madison County, Indiana",0.400,0.018
0500000US18097,18097,"Marion County, Indiana",0.447,0.012
0500000US18105,18105,"Monroe County, Indiana",0.508,0.035
0500000US18109,18109,"Morgan County, Indiana",0.370,0.030
0500000US18127,18127,"Porter County, Indiana",0.408,0.020
0500000US18141,18141,"St. Joseph County, Indiana",0.464,0.020
0500000US18157,18157,"Tippecanoe County, Indiana",0.460,0.034
0500000US18163,18163,"Vanderburgh County, Indiana",0.468,0.029
0500000US18167,18167,"Vigo County, Indiana",0.435,0.020
0500000US18177,18177,"Wayne County, Indiana",0.389,0.025
0500000US19013,19013,"Black Hawk County, Iowa",0.443,0.023
0500000US19061,19061,"Dubuque County, Iowa",0.433,0.029
0500000US19103,19103,"Johnson County, Iowa",0.482,0.021
0500000US19113,19113,"Linn County, Iowa",0.424,0.021
0500000US19153,19153,"Polk County, Iowa",0.433,0.016
0500000US19155,19155,"Pottawattamie County, Iowa",0.394,0.021
0500000US19163,19163,"Scott County, Iowa",0.455,0.023
0500000US19169,19169,"Story County, Iowa",0.439,0.029
0500000US19193,19193,"Woodbury County, Iowa",0.431,0.024
0500000US20045,20045,"Douglas County, Kansas",0.425,0.019
0500000US20091,20091,"Johnson County, Kansas",0.425,0.014
0500000US20103,20103,"Leavenworth County, Kansas",0.406,0.025
0500000US20173,20173,"Sedgwick County, Kansas",0.439,0.013
0500000US20177,20177,"Shawnee County, Kansas",0.427,0.015
0500000US20209,20209,"Wyandotte County, Kansas",0.421,0.018
0500000US21015,21015,"Boone County, Kentucky",0.424,0.051
0500000US21029,21029,"Bullitt County, Kentucky",0.363,0.026
0500000US21037,21037,"Campbell County, Kentucky",0.470,0.026
0500000US21047,21047,"Christian County, Kentucky",0.418,0.032
0500000US21059,21059,"Daviess County, Kentucky",0.471,0.054
0500000US21067,21067,"Fayette County, Kentucky",0.473,0.021
0500000US21093,21093,"Hardin County, Kentucky",0.400,0.042
0500000US21111,21111,"Jefferson County, Kentucky",0.458,0.013
0500000US21117,21117,"Kenton County, Kentucky",0.419,0.019
0500000US21151,21151,"Madison County, Kentucky",0.439,0.026
0500000US21195,21195,"Pike County, Kentucky",0.480,0.033
0500000US21227,21227,"Warren County, Kentucky",0.475,0.052
0500000US22005,22005,"Ascension Parish, Louisiana",0.400,0.022
0500000US22015,22015,"Bossier Parish, Louisiana",0.396,0.026
0500000US22017,22017,"Caddo Parish, Louisiana",0.501,0.018
0500000US22019,22019,"Calcasieu Parish, Louisiana",0.473,0.023
0500000US22033,22033,"East Baton Rouge Parish, Louisiana",0.490,0.016
0500000US22045,22045,"Iberia Parish, Louisiana",0.442,0.024
0500000US22051,22051,"Jefferson Parish, Louisiana",0.444,0.016
0500000US22055,22055,"Lafayette Parish, Louisiana",0.506,0.023
0500000US22057,22057,"Lafourche Parish, Louisiana",0.451,0.035
0500000US22063,22063,"Livingston Parish, Louisiana",0.396,0.022
0500000US22071,22071,"Orleans Parish, Louisiana",0.551,0.024
0500000US22073,22073,"Ouachita Parish, Louisiana",0.483,0.029
0500000US22079,22079,"Rapides Parish, Louisiana",0.487,0.039
0500000US22097,22097,"St. Landry Parish, Louisiana",0.502,0.023
0500000US22103,22103,"St. Tammany Parish, Louisiana",0.421,0.019
0500000US22105,22105,"Tangipahoa Parish, Louisiana",0.490,0.025
0500000US22109,22109,"Terrebonne Parish, Louisiana",0.434,0.030
0500000US23001,23001,"Androscoggin County, Maine",0.402,0.025
0500000US23003,23003,"Aroostook County, Maine",0.436,0.022
0500000US23005,23005,"Cumberland County, Maine",0.436,0.015
0500000US23011,23011,"Kennebec County, Maine",0.428,0.021
0500000US23019,23019,"Penobscot County, Maine",0.439,0.017
0500000US23031,23031,"York County, Maine",0.377,0.014
0500000US24001,24001,"Allegany County, Maryland",0.459,0.030
0500000US24003,24003,"Anne Arundel County, Maryland",0.403,0.014
0500000US24005,24005,"Baltimore County, Maryland",0.428,0.014
0500000US24009,24009,"Calvert County, Maryland",0.376,0.031
0500000US24013,24013,"Carroll County, Maryland",0.369,0.019
0500000US24015,24015,"Cecil County, Maryland",0.396,0.023
0500000US24017,24017,"Charles County, Maryland",0.387,0.038
0500000US24021,24021,"Frederick County, Maryland",0.365,0.017
0500000US24025,24025,"Harford County, Maryland",0.368,0.016
0500000US24027,24027,"Howard County, Maryland",0.388,0.013
0500000US24031,24031,"Montgomery County, Maryland",0.441,0.009
0500000US24033,24033,"Prince George's County, Maryland",0.375,0.008
0500000US24037,24037,"St. Mary's County, Maryland",0.401,0.048
0500000US24043,24043,"Washington County, Maryland",0.422,0.030
0500000US24045,24045,"Wicomico County, Maryland",0.438,0.031
0500000US24510,24510,"Baltimore city, Maryland",0.476,0.011
0500000US25001,25001,"Barnstable County, Massachusetts",0.416,0.017
0500000US25003,25003,"Berkshire County, Massachusetts",0.426,0.021
0500000US25005,25005,"Bristol County, Massachusetts",0.434,0.011
0500000US25009,25009,"Essex County, Massachusetts",0.454,0.011
0500000US25011,25011,"Franklin County, Massachusetts",0.396,0.025
0500000US25013,25013,"Hampden County, Massachusetts",0.467,0.023
0500000US25015,25015,"Hampshire County, Massachusetts",0.436,0.024
0500000US25017,25017,"Middlesex County, Massachusetts",0.453,0.007
0500000US25021,25021,"Norfolk County, Massachusetts",0.467,0.011
0500000US25023,25023,"Plymouth County, Massachusetts",0.433,0.013
0500000US25025,25025,"Suffolk County, Massachusetts",0.505,0.015
0500000US25027,25027,"Worcester County, Massachusetts",0.428,0.009
0500000US26005,26005,"Allegan County, Michigan",0.385,0.021
0500000US26017,26017,"Bay County, Michigan",0.423,0.019
0500000US26021,26021,"Berrien County, Michigan",0.443,0.020
0500000US26025,26025,"Calhoun County, Michigan",0.442,0.025
0500000US26037,26037,"Clinton County, Michigan",0.358,0.021
0500000US26045,26045,"Eaton County, Michigan",0.357,0.015
0500000US26049,26049,"Genesee County, Michigan",0.428,0.010
0500000US26055,26055,"Grand Traverse County, Michigan",0.400,0.039
0500000US26065,26065,"Ingham County, Michigan",0.456,0.014
0500000US26073,26073,"Isabella County, Michigan",0.430,0.021
0500000US26075,26075,"Jackson County, Michigan",0.435,0.027
0500000US26077,26077,"Kalamazoo County, Michigan",0.461,0.015
0500000US26081,26081,"Kent County, Michigan",0.436,0.010
0500000US26087,26087,"Lapeer County, Michigan",0.447,0.070
0500000US26091,26091,"Lenawee County, Michigan",0.384,0.023
0500000US26093,26093,"Livingston County, Michigan",0.368,0.021
0500000US26099,26099,"Macomb County, Michigan",0.397,0.009
0500000US26111,26111,"Midland County, Michigan",0.468,0.025
0500000US26115,26115,"Monroe County, Michigan",0.373,0.020
0500000US26121,26121,"Muskegon County, Michigan",0.397,0.015
0500000US26125,26125,"Oakland County, Michigan",0.457,0.008
0500000US26139,26139,"Ottawa County, Michigan",0.392,0.032
0500000US26145,26145,"Saginaw County, Michigan",0.435,0.016
0500000US26147,26147,"St. Clair County, Michigan",0.404,0.015
0500000US26155,26155,"Shiawassee County, Michigan",0.413,0.024
0500000US26159,26159,"Van Buren County, Michigan",0.436,0.033
0500000US26161,26161,"Washtenaw County, Michigan",0.473,0.016
0500000US26163,26163,"Wayne County, Michigan",0.454,0.006
0500000US27003,27003,"Anoka County, Minnesota",0.360,0.014
0500000US27019,27019,"Carver County, Minnesota",0.386,0.033
0500000US27037,27037,"Dakota County, Minnesota",0.374,0.010
0500000US27053,27053,"Hennepin County, Minnesota",0.469,0.010
0500000US27109,27109,"Olmsted County, Minnesota",0.414,0.017
0500000US27123,27123,"Ramsey County, Minnesota",0.449,0.011
0500000US27137,27137,"St. Louis County, Minnesota",0.439,0.018
0500000US27139,27139,"Scott County, Minnesota",0.341,0.022
0500000US27141,27141,"Sherburne County, Minnesota",0.347,0.030
0500000US27145,27145,"Stearns County, Minnesota",0.429,0.022
0500000US27163,27163,"Washington County, Minnesota",0.378,0.015
0500000US27171,27171,"Wright County, Minnesota",0.349,0.025
0500000US28033,28033,"DeSoto County, Mississippi",0.362,0.019
0500000US28035,28035,"Forrest County, Mississippi",0.455,0.034
0500000US28047,28047,"Harrison County, Mississippi",0.433,0.029
0500000US28049,28049,"Hinds County, Mississippi",0.476,0.021
0500000US28059,28059,"Jackson County, Mississippi",0.473,0.052
0500000US28067,28067,"Jones County, Mississippi",0.424,0.028
0500000US28075,28075,"Lauderdale County, Mississippi",0.503,0.027
0500000US28081,28081,"Lee County, Mississippi",0.494,0.045
0500000US28089,28089,"Madison County, Mississippi",0.487,0.037
0500000US28121,28121,"Rankin County, Mississippi",0.424,0.021
0500000US29019,29019,"Boone County, Missouri",0.447,0.020
0500000US29021,29021,"Buchanan County, Missouri",0.409,0.020
0500000US29031,29031,"Cape Girardeau County, Missouri",0.446,0.030
0500000US29037,29037,"Cass County, Missouri",0.367,0.027
0500000US29043,29043,"Christian County, Missouri",0.379,0.028
0500000US29047,29047,"Clay County, Missouri",0.376,0.014
0500000US29051,29051,"Cole County, Missouri",0.394,0.029
0500000US29071,29071,"Franklin County, Missouri",0.392,0.022
0500000US29077,29077,"Greene County, Missouri",0.450,0.022
0500000US29095,29095,"Jackson County, Missouri",0.443,0.013
0500000US29097,29097,"Jasper County, Missouri",0.435,0.025
0500000US29099,29099,"Jefferson County, Missouri",0.367,0.012
0500000US29165,29165,"Platte County, Missouri",0.403,0.023
0500000US29183,29183,"St. Charles County, Missouri",0.377,0.020
0500000US29189,29189,"St. Louis County, Missouri",0.482,0.012
0500000US29510,29510,"St. Louis city, Missouri",0.491,0.018
0500000US30013,30013,"Cascade County, Montana",0.417,0.023
0500000US30029,30029,"Flathead County, Montana",0.398,0.032
0500000US30031,30031,"Gallatin County, Montana",0.428,0.038
0500000US30063,30063,"Missoula County, Montana",0.465,0.022
0500000US30111,30111,"Yellowstone County, Montana",0.415,0.016
0500000US31055,31055,"Douglas County, Nebraska",0.461,0.015
0500000US31109,31109,"Lancaster County, Nebraska",0.421,0.016
0500000US31153,31153,"Sarpy County, Nebraska",0.354,0.017
0500000US32003,32003,"Clark County, Nevada",0.439,0.011
0500000US32031,32031,"Washoe County, Nevada",0.427,0.013
0500000US33005,33005,"Cheshire County, New Hampshire",0.437,0.031
0500000US33009,33009,"Grafton County, New Hampshire",0.438,0.025
0500000US33011,33011,"Hillsborough County, New Hampshire",0.409,0.014
0500000US33013,33013,"Merrimack County, New Hampshire",0.405,0.020
0500000US33015,33015,"Rockingham County, New Hampshire",0.397,0.018
0500000US33017,33017,"Strafford County, New Hampshire",0.412,0.026
0500000US34001,34001,"Atlantic County, New Jersey",0.436,0.021
0500000US34003,34003,"Bergen County, New Jersey",0.470,0.010
0500000US34005,34005,"Burlington County, New Jersey",0.390,0.012
0500000US34007,34007,"Camden County, New Jersey",0.435,0.013
0500000US34009,34009,"Cape May County, New Jersey",0.462,0.028
0500000US34011,34011,"Cumberland County, New Jersey",0.408,0.017
0500000US34013,34013,"Essex County, New Jersey",0.521,0.012
0500000US34015,34015,"Gloucester County, New Jersey",0.399,0.015
0500000US34017,34017,"Hudson County, New Jersey",0.488,0.015
0500000US34019,34019,"Hunterdon County, New Jersey",0.448,0.028
0500000US34021,34021,"Mercer County, New Jersey",0.486,0.025
0500000US34023,34023,"Middlesex County, New Jersey",0.392,0.009
0500000US34025,34025,"Monmouth County, New Jersey",0.441,0.010
0500000US34027,34027,"Morris County, New Jersey",0.446,0.012
0500000US34029,34029,"Ocean County, New Jersey",0.419,0.010
0500000US34031,34031,"Passaic County, New Jersey",0.457,0.015
0500000US34033,34033,"Salem County, New Jersey",0.382,0.020
0500000US34035,34035,"Somerset County, New Jersey",0.434,0.014
0500000US34037,34037,"Sussex County, New Jersey",0.372,0.018
0500000US34039,34039,"Union County, New Jersey",0.473,0.013
0500000US34041,34041,"Warren County, New Jersey",0.398,0.020
0500000US35001,35001,"Bernalillo County, New Mexico",0.450,0.018
0500000US35013,35013,"Dona Ana County, New Mexico",0.457,0.019
0500000US35031,35031,"McKinley County, New Mexico",0.480,0.033
0500000US35043,35043,"Sandoval County, New Mexico",0.402,0.023
0500000US35045,35045,"San Juan County, New Mexico",0.452,0.022
0500000US35049,35049,"Santa Fe County, New Mexico",0.483,0.036
0500000US35061,35061,"Valencia County, New Mexico",0.419,0.028
0500000US36001,36001,"Albany County, New York",0.415,0.012
0500000US36005,36005,"Bronx County, New York",0.482,0.009
0500000US36007,36007,"Broome County, New York",0.435,0.016
0500000US36009,36009,"Cattaraugus County, New York",0.418,0.028
0500000US36011,36011,"Cayuga County, New York",0.394,0.017
0500000US36013,36013,"Chautauqua County, New York",0.442,0.021
0500000US36015,36015,"Chemung County, New York",0.431,0.026
0500000US36019,36019,"Clinton County, New York",0.407,0.025
0500000US36027,36027,"Dutchess County, New York",0.406,0.016
0500000US36029,36029,"Erie County, New York",0.452,0.010
0500000US36045,36045,"Jefferson County, New York",0.425,0.020
0500000US36047,36047,"Kings County, New York",0.497,0.006
0500000US36053,36053,"Madison County, New York",0.427,0.023
0500000US36055,36055,"Monroe County, New York",0.446,0.009
0500000US36059,36059,"Nassau County, New York",0.451,0.008
0500000US36061,36061,"New York County, New York",0.599,0.007
0500000US36063,36063,"Niagara County, New York",0.412,0.017
0500000US36065,36065,"Oneida County, New York",0.428,0.015
0500000US36067,36067,"Onondaga County, New York",0.451,0.012
0500000US36069,36069,"Ontario County, New York",0.428,0.028
0500000US36071,36071,"Orange County, New York",0.393,0.014
0500000US36075,36075,"Oswego County, New York",0.423,0.015
0500000US36079,36079,"Putnam County, New York",0.391,0.025
0500000US36081,36081,"Queens County, New York",0.422,0.005
0500000US36083,36083,"Rensselaer County, New York",0.395,0.016
0500000US36085,36085,"Richmond County, New York",0.425,0.013
0500000US36087,36087,"Rockland County, New York",0.446,0.021
0500000US36089,36089,"St. Lawrence County, New York",0.387,0.016
0500000US36091,36091,"Saratoga County, New York",0.388,0.017
0500000US36093,36093,"Schenectady County, New York",0.423,0.027
0500000US36101,36101,"Steuben County, New York",0.408,0.019
0500000US36103,36103,"Suffolk County, New York",0.419,0.008
0500000US36105,36105,"Sullivan County, New York",0.435,0.027
0500000US36109,36109,"Tompkins County, New York",0.457,0.027
0500000US36111,36111,"Ulster County, New York",0.428,0.019
0500000US36113,36113,"Warren County, New York",0.402,0.020
0500000US36117,36117,"Wayne County, New York",0.399,0.023
0500000US36119,36119,"Westchester County, New York",0.527,0.009
0500000US37001,37001,"Alamance County, North Carolina",0.435,0.022
0500000US37019,37019,"Brunswick County, North Carolina",0.415,0.029
0500000US37021,37021,"Buncombe County, North Carolina",0.450,0.022
0500000US37023,37023,"Burke County, North Carolina",0.435,0.046
0500000US37025,37025,"Cabarrus County, North Carolina",0.414,0.025
0500000US37027,37027,"Caldwell County, North Carolina",0.431,0.046
0500000US37035,37035,"Catawba County, North Carolina",0.432,0.023
0500000US37045,37045,"Cleveland County, North Carolina",0.448,0.027
0500000US37049,37049,"Craven County, North Carolina",0.394,0.021
0500000US37051,37051,"Cumberland County, North Carolina",0.428,0.016
0500000US37057,37057,"Davidson County, North Carolina",0.404,0.021
0500000US37063,37063,"Durham County, North Carolina",0.460,0.022
0500000US37067,37067,"Forsyth County, North Carolina",0.463,0.016
0500000US37071,37071,"Gaston County, North Carolina",0.446,0.033
0500000US37081,37081,"Guilford County, North Carolina",0.467,0.014
0500000US37085,37085,"Harnett County, North Carolina",0.406,0.019
0500000US37089,37089,"Henderson County, North Carolina",0.464,0.043
0500000US37097,37097,"Iredell County, North Carolina",0.477,0.036
0500000US37101,37101,"Johnston County, North Carolina",0.409,0.022
0500000US37109,37109,"Lincoln County, North Carolina",0.431,0.027
0500000US37119,37119,"Mecklenburg County, North Carolina",0.478,0.012
0500000US37125,37125,"Moore County, North Carolina",0.444,0.036
0500000US37127,37127,"Nash County, North Carolina",0.454,0.034
0500000US37129,37129,"New Hanover County, North Carolina",0.494,0.028
0500000US37133,37133,"Onslow County, North Carolina",0.389,0.022
0500000US37135,37135,"Orange County, North Carolina",0.530,0.022
0500000US37147,37147,"Pitt County, North Carolina",0.488,0.023
0500000US37151,37151,"Randolph County, North Carolina",0.410,0.020
0500000US37155,37155,"Robeson County, North Carolina",0.493,0.030
0500000US37157,37157,"Rockingham County, North Carolina",0.423,0.035
0500000US37159,37159,"Rowan County, North Carolina",0.435,0.026
0500000US37171,37171,"Surry County, North Carolina",0.451,0.038
0500000US37179,37179,"Union County, North Carolina",0.405,0.021
0500000US37183,37183,"Wake County, North Carolina",0.430,0.009
0500000US37191,37191,"Wayne County, North Carolina",0.435,0.017
0500000US37193,37193,"Wilkes County, North Carolina",0.410,0.023
0500000US37195,37195,"Wilson County, North Carolina",0.461,0.030
0500000US38015,38015,"Burleigh County, North Dakota",0.428,0.039
0500000US38017,38017,"Cass County, North Dakota",0.465,0.028
0500000US38035,38035,"Grand Forks County, North Dakota",0.427,0.028
0500000US39003,39003,"Allen County, Ohio",0.429,0.026
0500000US39007,39007,"Ashtabula County, Ohio",0.430,0.025
0500000US39013,39013,"Belmont County, Ohio",0.417,0.024
0500000US39017,39017,"Butler County, Ohio",0.421,0.013
0500000US39023,39023,"Clark County, Ohio",0.402,0.017
0500000US39025,39025,"Clermont County, Ohio",0.416,0.017
0500000US39029,39029,"Columbiana County, Ohio",0.397,0.021
0500000US39035,39035,"Cuyahoga County, Ohio",0.482,0.009
0500000US39041,39041,"Delaware County, Ohio",0.442,0.026
0500000US39043,39043,"Erie County, Ohio",0.418,0.024
0500000US39045,39045,"Fairfield County, Ohio",0.411,0.042
0500000US39049,39049,"Franklin County, Ohio",0.463,0.009
0500000US39055,39055,"Geauga County, Ohio",0.420,0.031
0500000US39057,39057,"Greene County, Ohio",0.404,0.015
0500000US39061,39061,"Hamilton County, Ohio",0.506,0.014
0500000US39063,39063,"Hancock County, Ohio",0.432,0.044
0500000US39081,39081,"Jefferson County, Ohio",0.437,0.023
0500000US39085,39085,"Lake County, Ohio",0.411,0.019
0500000US39089,39089,"Licking County, Ohio",0.423,0.032
0500000US39093,39093,"Lorain County, Ohio",0.422,0.014
0500000US39095,39095,"Lucas County, Ohio",0.479,0.033
0500000US39099,39099,"Mahoning County, Ohio",0.473,0.021
0500000US39101,39101,"Marion County, Ohio",0.401,0.024
0500000US39103,39103,"Medina County, Ohio",0.379,0.017
0500000US39109,39109,"Miami County, Ohio",0.406,0.025
0500000US39113,39113,"Montgomery County, Ohio",0.440,0.011
0500000US39119,39119,"Muskingum County, Ohio",0.418,0.026
0500000US39133,39133,"Portage County, Ohio",0.419,0.014
0500000US39139,39139,"Richland County, Ohio",0.405,0.021
0500000US39141,39141,"Ross County, Ohio",0.424,0.028
0500000US39145,39145,"Scioto County, Ohio",0.445,0.022
0500000US39151,39151,"Stark County, Ohio",0.442,0.015
0500000US39153,39153,"Summit County, Ohio",0.451,0.013
0500000US39155,39155,"Trumbull County, Ohio",0.414,0.020
0500000US39157,39157,"Tuscarawas County, Ohio",0.401,0.022
0500000US39165,39165,"Warren County, Ohio",0.400,0.018
0500000US39169,39169,"Wayne County, Ohio",0.392,0.020
0500000US39173,39173,"Wood County, Ohio",0.457,0.056
0500000US40017,40017,"Canadian County, Oklahoma",0.391,0.025
0500000US40027,40027,"Cleveland County, Oklahoma",0.423,0.013
0500000US40031,40031,"Comanche County, Oklahoma",0.428,0.049
0500000US40037,40037,"Creek County, Oklahoma",0.435,0.032
0500000US40101,40101,"Muskogee County, Oklahoma",0.444,0.023
0500000US40109,40109,"Oklahoma County, Oklahoma",0.489,0.017
0500000US40119,40119,"Payne County, Oklahoma",0.460,0.044
0500000US40125,40125,"Pottawatomie County, Oklahoma",0.420,0.026
0500000US40131,40131,"Rogers County, Oklahoma",0.374,0.024
0500000US40143,40143,"Tulsa County, Oklahoma",0.475,0.013
0500000US40145,40145,"Wagoner County, Oklahoma",0.405,0.026
0500000US41003,41003,"Benton County, Oregon",0.421,0.024
0500000US41005,41005,"Clackamas County, Oregon",0.448,0.016
0500000US41017,41017,"Deschutes County, Oregon",0.418,0.024
0500000US41019,41019,"Douglas County, Oregon",0.427,0.031
0500000US41029,41029,"Jackson County, Oregon",0.428,0.023
0500000US41033,41033,"Josephine County, Oregon",0.432,0.031
0500000US41035,41035,"Klamath County, Oregon",0.451,0.035
0500000US41039,41039,"Lane County, Oregon",0.443,0.016
0500000US41043,41043,"Linn County, Oregon",0.425,0.028
0500000US41047,41047,"Marion County, Oregon",0.409,0.016
0500000US41051,41051,"Multnomah County, Oregon",0.467,0.012
0500000US41053,41053,"Polk County, Oregon",0.403,0.026
0500000US41059,41059,"Umatilla County, Oregon",0.379,0.026
0500000US41067,41067,"Washington County, Oregon",0.411,0.011
0500000US41071,41071,"Yamhill County, Oregon",0.468,0.099
0500000US42001,42001,"Adams County, Pennsylvania",0.369,0.025
0500000US42003,42003,"Allegheny County, Pennsylvania",0.479,0.010
0500000US42005,42005,"Armstrong County, Pennsylvania",0.407,0.018
0500000US42007,42007,"Beaver County, Pennsylvania",0.417,0.018
0500000US42011,42011,"Berks County, Pennsylvania",0.404,0.013
0500000US42013,42013,"Blair County, Pennsylvania",0.419,0.022
0500000US42017,42017,"Bucks County, Pennsylvania",0.427,0.013
0500000US42019,42019,"Butler County, Pennsylvania",0.422,0.019
0500000US42021,42021,"Cambria County, Pennsylvania",0.430,0.021
0500000US42027,42027,"Centre County, Pennsylvania",0.468,0.026
0500000US42029,42029,"Chester County, Pennsylvania",0.442,0.011
0500000US42033,42033,"Clearfield County, Pennsylvania",0.415,0.023
0500000US42037,42037,"Columbia County, Pennsylvania",0.394,0.018
0500000US42039,42039,"Crawford County, Pennsylvania",0.412,0.021
0500000US42041,42041,"Cumberland County, Pennsylvania",0.412,0.018
0500000US42043,42043,"Dauphin County, Pennsylvania",0.416,0.013
0500000US42045,42045,"Delaware County, Pennsylvania",0.456,0.012
0500000US42049,42049,"Erie County, Pennsylvania",0.439,0.016
0500000US42051,42051,"Fayette County, Pennsylvania",0.429,0.014
0500000US42055,42055,"Franklin County, Pennsylvania",0.395,0.038
0500000US42063,42063,"Indiana County, Pennsylvania",0.397,0.015
0500000US42069,42069,"Lackawanna County, Pennsylvania",0.450,0.021
0500000US42071,42071,"Lancaster County, Pennsylvania",0.421,0.014
0500000US42073,42073,"Lawrence County, Pennsylvania",0.416,0.020
0500000US42075,42075,"Lebanon County, Pennsylvania",0.377,0.020
0500000US42077,42077,"Lehigh County, Pennsylvania",0.436,0.013
0500000US42079,42079,"Luzerne County, Pennsylvania",0.436,0.012
0500000US42081,42081,"Lycoming County, Pennsylvania",0.429,0.020
0500000US42085,42085,"Mercer County, Pennsylvania",0.435,0.018
0500000US42089,42089,"Monroe County, Pennsylvania",0.405,0.019
0500000US42091,42091,"Montgomery County, Pennsylvania",0.445,0.010
0500000US42095,42095,"Northampton County, Pennsylvania",0.412,0.012
0500000US42097,42097,"Northumberland County, Pennsylvania",0.411,0.020
0500000US42101,42101,"Philadelphia County, Pennsylvania",0.489,0.009
0500000US42107,42107,"Schuylkill County, Pennsylvania",0.394,0.011
0500000US42111,42111,"Somerset County, Pennsylvania",0.426,0.024
0500000US42125,42125,"Washington County, Pennsylvania",0.445,0.019
0500000US42129,42129,"Westmoreland County, Pennsylvania",0.424,0.014
0500000US42133,42133,"York County, Pennsylvania",0.384,0.010
0500000US44003,44003,"Kent County, Rhode Island",0.413,0.019
0500000US44005,44005,"Newport County, Rhode Island",0.453,0.041
0500000US44007,44007,"Providence County, Rhode Island",0.443,0.013
0500000US44009,44009,"Washington County, Rhode Island",0.426,0.023
0500000US45003,45003,"Aiken County, South Carolina",0.452,0.025
0500000US45007,45007,"Anderson County, South Carolina",0.416,0.018
0500000US45013,45013,"Beaufort County, South Carolina",0.523,0.039
0500000US45015,45015,"Berkeley County, South Carolina",0.419,0.055
0500000US45019,45019,"Charleston County, South Carolina",0.524,0.019
0500000US45031,45031,"Darlington County, South Carolina",0.438,0.040
0500000US45035,45035,"Dorchester County, South Carolina",0.359,0.019
0500000US45041,45041,"Florence County, South Carolina",0.443,0.021
0500000US45045,45045,"Greenville County, South Carolina",0.476,0.018
0500000US45047,45047,"Greenwood County, South Carolina",0.468,0.035
0500000US45051,45051,"Horry County, South Carolina",0.447,0.033
0500000US45059,45059,"Laurens County, South Carolina",0.445,0.039
0500000US45063,45063,"Lexington County, South Carolina",0.413,0.015
0500000US45073,45073,"Oconee County, South Carolina",0.434,0.033
0500000US45075,45075,"Orangeburg County, South Carolina",0.481,0.039
0500000US45077,45077,"Pickens County, South Carolina",0.435,0.027
0500000US45079,45079,"Richland County, South Carolina",0.451,0.020
0500000US45083,45083,"Spartanburg County, South Carolina",0.451,0.020
0500000US45085,45085,"Sumter County, South Carolina",0.468,0.034
0500000US45091,45091,"York County, South Carolina",0.444,0.020
0500000US46099,46099,"Minnehaha County, South Dakota",0.424,0.024
0500000US46103,46103,"Pennington County, South Dakota",0.437,0.027
0500000US47001,47001,"Anderson County, Tennessee",0.450,0.032
0500000US47009,47009,"Blount County, Tennessee",0.429,0.026
0500000US47011,47011,"Bradley County, Tennessee",0.465,0.035
0500000US47037,47037,"Davidson County, Tennessee",0.486,0.013
0500000US47059,47059,"Greene County, Tennessee",0.425,0.030
0500000US47065,47065,"Hamilton County, Tennessee",0.478,0.017
0500000US47093,47093,"Knox County, Tennessee",0.470,0.012
0500000US47113,47113,"Madison County, Tennessee",0.483,0.031
0500000US47119,47119,"Maury County, Tennessee",0.416,0.030
0500000US47125,47125,"Montgomery County, Tennessee",0.410,0.034
0500000US47141,47141,"Putnam County, Tennessee",0.477,0.045
0500000US47149,47149,"Rutherford County, Tennessee",0.415,0.023
0500000US47155,47155,"Sevier County, Tennessee",0.423,0.027
0500000US47157,47157,"Shelby County, Tennessee",0.490,0.010
0500000US47163,47163,"Sullivan County, Tennessee",0.481,0.026
0500000US47165,47165,"Sumner County, Tennessee",0.384,0.016
0500000US47179,47179,"Washington County, Tennessee",0.455,0.024
0500000US47187,47187,"Williamson County, Tennessee",0.435,0.023
0500000US47189,47189,"Wilson County, Tennessee",0.431,0.035
0500000US48005,48005,"Angelina County, Texas",0.404,0.025
0500000US48021,48021,"Bastrop County, Texas",0.381,0.029
0500000US48027,48027,"Bell County, Texas",0.423,0.018
0500000US48029,48029,"Bexar County, Texas",0.457,0.007
0500000US48037,48037,"Bowie County, Texas",0.476,0.032
0500000US48039,48039,"Brazoria County, Texas",0.424,0.022
0500000US48041,48041,"Brazos County, Texas",0.506,0.019
0500000US48061,48061,"Cameron County, Texas",0.491,0.016
0500000US48085,48085,"Collin County, Texas",0.432,0.013
0500000US48091,48091,"Comal County, Texas",0.436,0.033
0500000US48099,48099,"Coryell County, Texas",0.404,0.028
0500000US48113,48113,"Dallas County, Texas",0.488,0.008
0500000US48121,48121,"Denton County, Texas",0.418,0.013
0500000US48135,48135,"Ector County, Texas",0.421,0.025
0500000US48139,48139,"Ellis County, Texas",0.412,0.020
0500000US48141,48141,"El Paso County, Texas",0.475,0.018
0500000US48157,48157,"Fort Bend County, Texas",0.433,0.015
0500000US48167,48167,"Galveston County, Texas",0.447,0.021
0500000US48181,48181,"Grayson County, Texas",0.405,0.020
0500000US48183,48183,"Gregg County, Texas",0.443,0.022
0500000US48187,48187,"Guadalupe County, Texas",0.418,0.036
0500000US48201,48201,"Harris County, Texas",0.485,0.007
0500000US48209,48209,"Hays County, Texas",0.476,0.029
0500000US48213,48213,"Henderson County, Texas",0.449,0.024
0500000US48215,48215,"Hidalgo County, Texas",0.484,0.014
0500000US48231,48231,"Hunt County, Texas",0.430,0.025
0500000US48245,48245,"Jefferson County, Texas",0.491,0.022
0500000US48251,48251,"Johnson County, Texas",0.406,0.028
0500000US48257,48257,"Kaufman County, Texas",0.409,0.027
0500000US48291,48291,"Liberty County, Texas",0.398,0.027
0500000US48303,48303,"Lubbock County, Texas",0.470,0.018
0500000US48309,48309,"McLennan County, Texas",0.460,0.020
0500000US48329,48329,"Midland County, Texas",0.517,0.031
0500000US48339,48339,"Montgomery County, Texas",0.459,0.016
0500000US48355,48355,"Nueces County, Texas",0.479,0.023
0500000US48361,48361,"Orange County, Texas",0.430,0.032
0500000US48367,48367,"Parker County, Texas",0.420,0.023
0500000US48375,48375,"Potter County, Texas",0.448,0.027
0500000US48381,48381,"Randall County, Texas",0.440,0.037
0500000US48397,48397,"Rockwall County, Texas",0.402,0.025
0500000US48409,48409,"San Patricio County, Texas",0.468,0.048
0500000US48423,48423,"Smith County, Texas",0.476,0.025
0500000US48439,48439,"Tarrant County, Texas",0.449,0.008
0500000US48441,48441,"Taylor County, Texas",0.443,0.033
0500000US48451,48451,"Tom Green County, Texas",0.455,0.024
0500000US48453,48453,"Travis County, Texas",0.488,0.012
0500000US48469,48469,"Victoria County, Texas",0.435,0.032
0500000US48479,48479,"Webb County, Texas",0.465,0.022
0500000US48485,48485,"Wichita County, Texas",0.511,0.036
0500000US48491,48491,"Williamson County, Texas",0.369,0.010
0500000US49005,49005,"Cache County, Utah",0.404,0.019
0500000US49011,49011,"Davis County, Utah",0.391,0.028
0500000US49035,49035,"Salt Lake County, Utah",0.416,0.009
0500000US49049,49049,"Utah County, Utah",0.420,0.025
0500000US49053,49053,"Washington County, Utah",0.376,0.023
0500000US49057,49057,"Weber County, Utah",0.394,0.019
0500000US50007,50007,"Chittenden County, Vermont",0.403,0.019
0500000US51003,51003,"Albemarle County, Virginia",0.485,0.046
0500000US51013,51013,"Arlington County, Virginia",0.447,0.024
0500000US51015,51015,"Augusta County, Virginia",0.397,0.026
0500000US51019,51019,"Bedford County, Virginia",0.457,0.041
0500000US51041,51041,"Chesterfield County, Virginia",0.371,0.012
0500000US51059,51059,"Fairfax County, Virginia",0.417,0.010
0500000US51061,51061,"Fauquier County, Virginia",0.424,0.034
0500000US51069,51069,"Frederick County, Virginia",0.403,0.022
0500000US51085,51085,"Hanover County, Virginia",0.362,0.025
0500000US51087,51087,"Henrico County, Virginia",0.435,0.019
0500000US51107,51107,"Loudoun County, Virginia",0.379,0.020
0500000US51121,51121,"Montgomery County, Virginia",0.475,0.034
0500000US51153,51153,"Prince William County, Virginia",0.368,0.021
0500000US51161,51161,"Roanoke County, Virginia",0.413,0.031
0500000US51165,51165,"Rockingham County, Virginia",0.433,0.051
0500000US51177,51177,"Spotsylvania County, Virginia",0.404,0.067
0500000US51179,51179,"Stafford County, Virginia",0.354,0.023
0500000US51510,51510,"Alexandria city, Virginia",0.465,0.031
0500000US51550,51550,"Chesapeake city, Virginia",0.385,0.019
0500000US51650,51650,"Hampton city, Virginia",0.382,0.018
0500000US51680,51680,"Lynchburg city, Virginia",0.495,0.043
0500000US51700,51700,"Newport News city, Virginia",0.417,0.020
0500000US51710,51710,"Norfolk city, Virginia",0.448,0.022
0500000US51740,51740,"Portsmouth city, Virginia",0.399,0.019
0500000US51760,51760,"Richmond city, Virginia",0.513,0.024
0500000US51770,51770,"Roanoke city, Virginia",0.457,0.035
0500000US51800,51800,"Suffolk city, Virginia",0.408,0.037
0500000US51810,51810,"Virginia Beach city, Virginia",0.394,0.019
0500000US53005,53005,"Benton County, Washington",0.434,0.023
0500000US53007,53007,"Chelan County, Washington",0.427,0.034
0500000US53009,53009,"Clallam County, Washington",0.427,0.023
0500000US53011,53011,"Clark County, Washington",0.408,0.015
0500000US53015,53015,"Cowlitz County, Washington",0.405,0.024
0500000US53021,53021,"Franklin County, Washington",0.426,0.037
0500000US53025,53025,"Grant County, Washington",0.415,0.027
0500000US53027,53027,"Grays Harbor County, Washington",0.450,0.065
0500000US53029,53029,"Island County, Washington",0.382,0.021
0500000US53033,53033,"King County, Washington",0.459,0.008
0500000US53035,53035,"Kitsap County, Washington",0.396,0.013
0500000US53041,53041,"Lewis County, Washington",0.397,0.024
0500000US53053,53053,"Pierce County, Washington",0.410,0.011
0500000US53057,53057,"Skagit County, Washington",0.446,0.025
0500000US53061,53061,"Snohomish County, Washington",0.395,0.011
0500000US53063,53063,"Spokane County, Washington",0.434,0.014
0500000US53067,53067,"Thurston County, Washington",0.425,0.024
0500000US53073,53073,"Whatcom County, Washington",0.452,0.029
0500000US53077,53077,"Yakima County, Washington",0.438,0.020
0500000US54003,54003,"Berkeley County, West Virginia",0.413,0.065
0500000US54011,54011,"Cabell County, West Virginia",0.485,0.024
0500000US54033,54033,"Harrison County, West Virginia",0.443,0.027
0500000US54039,54039,"Kanawha County, West Virginia",0.450,0.018
0500000US54061,54061,"Monongalia County, West Virginia",0.513,0.028
0500000US54081,54081,"Raleigh County, West Virginia",0.414,0.023
0500000US54107,54107,"Wood County, West Virginia",0.469,0.029
0500000US55009,55009,"Brown County, Wisconsin",0.410,0.019
0500000US55025,55025,"Dane County, Wisconsin",0.437,0.014
0500000US55027,55027,"Dodge County, Wisconsin",0.353,0.015
0500000US55035,55035,"Eau Claire County, Wisconsin",0.430,0.028
0500000US55039,55039,"Fond du Lac County, Wisconsin",0.415,0.061
0500000US55055,55055,"Jefferson County, Wisconsin",0.366,0.020
0500000US55059,55059,"Kenosha County, Wisconsin",0.411,0.021
0500000US55063,55063,"La Crosse County, Wisconsin",0.423,0.019
0500000US55071,55071,"Manitowoc County, Wisconsin",0.361,0.018
0500000US55073,55073,"Marathon County, Wisconsin",0.391,0.020
0500000US55079,55079,"Milwaukee County, Wisconsin",0.445,0.010
0500000US55087,55087,"Outagamie County, Wisconsin",0.397,0.017
0500000US55089,55089,"Ozaukee County, Wisconsin",0.433,0.027
0500000US55097,55097,"Portage County, Wisconsin",0.418,0.025
0500000US55101,55101,"Racine County, Wisconsin",0.413,0.016
0500000US55105,55105,"Rock County, Wisconsin",0.403,0.016
0500000US55109,55109,"St. Croix County, Wisconsin",0.362,0.020
0500000US55117,55117,"Sheboygan County, Wisconsin",0.376,0.018
0500000US55127,55127,"Walworth County, Wisconsin",0.421,0.025
0500000US55131,55131,"Washington County, Wisconsin",0.387,0.026
0500000US55133,55133,"Waukesha County, Wisconsin",0.422,0.013
0500000US55139,55139,"Winnebago County, Wisconsin",0.435,0.046
0500000US55141,55141,"Wood County, Wisconsin",0.382,0.019
0500000US56021,56021,"Laramie County, Wyoming",0.391,0.036
0500000US56025,56025,"Natrona County, Wyoming",0.425,0.026
1600000US0107000,0107000,"Birmingham city, Alabama",0.497,0.019
1600000US0135896,0135896,"Hoover city, Alabama",0.451,0.034
1600000US0137000,0137000,"Huntsville city, Alabama",0.472,0.017
1600000US0150000,0150000,"Mobile city, Alabama",0.519,0.028
1600000US0151000,0151000,"Montgomery city, Alabama",0.480,0.019
1600000US0177256,0177256,"Tuscaloosa city, Alabama",0.602,0.041
1600000US0203000,0203000,"Anchorage municipality, Alaska",0.429,0.018
1600000US0404720,0404720,"Avondale city, Arizona",0.391,0.034
1600000US0412000,0412000,"Chandler city, Arizona",0.379,0.017
1600000US0427400,0427400,"Gilbert town, Arizona",0.361,0.026
1600000US0427820,0427820,"Glendale city, Arizona",0.455,0.032
1600000US0446000,0446000,"Mesa city, Arizona",0.415,0.014
1600000US0454050,0454050,"Peoria city, Arizona",0.401,0.028
1600000US0455000,0455000,"Phoenix city, Arizona",0.461,0.009
1600000US0465000,0465000,"Scottsdale city, Arizona",0.494,0.017
1600000US0471510,0471510,"Surprise city, Arizona",0.357,0.026
1600000US0473000,0473000,"Tempe city, Arizona",0.467,0.026
1600000US0477000,0477000,"Tucson city, Arizona",0.438,0.019
1600000US0485540,0485540,"Yuma city, Arizona",0.422,0.035
1600000US0523290,0523290,"Fayetteville city, Arkansas",0.460,0.030
1600000US0524550,0524550,"Fort Smith city, Arkansas",0.477,0.043
1600000US0541000,0541000,"Little Rock city, Arkansas",0.507,0.026
1600000US0600562,0600562,"Alameda city, California",0.438,0.033
1600000US0600884,0600884,"Alhambra city, California",0.432,0.029
1600000US0602000,0602000,"Anaheim city, California",0.439,0.024
1600000US0602252,0602252,"Antioch city, California",0.380,0.021
1600000US0602364,0602364,"Apple Valley town, California",0.423,0.028
1600000US0602553,0602553,"Arden-Arcade CDP, California",0.505,0.041
1600000US0603526,0603526,"Bakersfield city, California",0.445,0.015
1600000US0603666,0603666,"Baldwin Park city, California",0.407,0.028
1600000US0604982,0604982,"Bellflower city, California",0.392,0.025
1600000US0606000,0606000,"Berkeley city, California",0.512,0.021
1600000US0608786,0608786,"Buena Park city, California",0.364,0.027
1600000US0608954,0608954,"Burbank city, California",0.430,0.023
1600000US0611194,0611194,"Carlsbad city, California",0.459,0.033
1600000US0611530,0611530,"Carson city, California",0.403,0.032
1600000US0613014,0613014,"Chico city, California",0.451,0.024
1600000US0613210,0613210,"Chino city, California",0.367,0.031
1600000US0613214,0613214,"Chino Hills city, California",0.329,0.031
1600000US0613392,0613392,"Chula Vista city, California",0.397,0.016
1600000US0613588,0613588,"Citrus Heights city, California",0.377,0.026
1600000US0614218,0614218,"Clovis city, California",0.407,0.027
1600000US0615044,0615044,"Compton city, California",0.418,0.021
1600000US0616000,0616000,"Concord city, California",0.403,0.028
1600000US0616350,0616350,"Corona city, California",0.384,0.024
1600000US0616532,0616532,"Costa Mesa city, California",0.421,0.025
1600000US0617918,0617918,"Daly City city, California",0.356,0.026
1600000US0619766,0619766,"Downey city, California",0.403,0.042
1600000US0620802,0620802,"East Los Angeles CDP, California",0.401,0.021
1600000US0621712,0621712,"El Cajon city, California",0.437,0.029
1600000US0622020,0622020,"Elk Grove city, California",0.373,0.039
1600000US0622230,0622230,"El Monte city, California",0.433,0.035
1600000US0622804,0622804,"Escondido city, California",0.424,0.022
1600000US0623182,0623182,"Fairfield city, California",0.393,0.023
1600000US0624477,0624477,"Florence-Graham CDP, California",0.407,0.036
1600000US0624638,0624638,"Folsom city, California",0.392,0.036
1600000US0624680,0624680,"Fontana city, California",0.374,0.024
1600000US0626000,0626000,"Fremont city, California",0.375,0.016
1600000US0627000,0627000,"Fresno city, California",0.471,0.021
1600000US0628000,0628000,"Fullerton city, California",0.439,0.029
1600000US0629000,0629000,"Garden Grove city, California",0.423,0.038
1600000US0630000,0630000,"Glendale city, California",0.476,0.021
1600000US0632548,0632548,"Hawthorne city, California",0.398,0.024
1600000US0633000,0633000,"Hayward city, California",0.433,0.039
1600000US0633182,0633182,"Hemet city, California",0.426,0.033
1600000US0633434,0633434,"Hesperia city, California",0.415,0.028
1600000US0636000,0636000,"Huntington Beach city, California",0.427,0.024
1600000US0636448,0636448,"Indio city, California",0.446,0.048
1600000US0636546,0636546,"Inglewood city, California",0.420,0.024
1600000US0636770,0636770,"Irvine city, California",0.445,0.023
1600000US0639496,0639496,"Lake Forest city, California",0.330,0.023
1600000US0639892,0639892,"Lakewood city, California",0.345,0.022
1600000US0640130,0640130,"Lancaster city, California",0.447,0.024
1600000US0641992,0641992,"Livermore city, California",0.388,0.031
1600000US0643000,0643000,"Long Beach city, California",0.460,0.013
1600000US0644000,0644000,"Los Angeles city, California",0.514,0.008
1600000US0644574,0644574,"Lynwood city, California",0.386,0.032
1600000US0646898,0646898,"Merced city, California",0.477,0.039
1600000US0648256,0648256,"Mission Viejo city, California",0.372,0.021
1600000US0648354,0648354,"Modesto city, California",0.441,0.021
1600000US0649270,0649270,"Moreno Valley city, California",0.393,0.024
1600000US0649670,0649670,"Mountain View city, California",0.437,0.038
1600000US0650076,0650076,"Murrieta city, California",0.375,0.029
1600000US0650258,0650258,"Napa city, California",0.439,0.036
1600000US0651182,0651182,"Newport Beach city, California",0.540,0.028
1600000US0652526,0652526,"Norwalk city, California",0.358,0.020
1600000US0653000,0653000,"Oakland city, California",0.500,0.015
1600000US0653322,0653322,"Oceanside city, California",0.402,0.018
1600000US0653896,0653896,"Ontario city, California",0.380,0.020
1600000US0653980,0653980,"Orange city, California",0.433,0.039
1600000US0654652,0654652,"Oxnard city, California",0.414,0.025
1600000US0655156,0655156,"Palmdale city, California",0.400,0.022
1600000US0656000,0656000,"Pasadena city, California",0.508,0.025
1600000US0657792,0657792,"Pleasanton city, California",0.378,0.027
1600000US0658072,0658072,"Pomona city, California",0.391,0.025
1600000US0659451,0659451,"Rancho Cucamonga city, California",0.385,0.043
1600000US0659920,0659920,"Redding city, California",0.467,0.035
1600000US0659962,0659962,"Redlands city, California",0.411,0.029
1600000US0660018,0660018,"Redondo Beach city, California",0.408,0.027
1600000US0660102,0660102,"Redwood City city, California",0.461,0.031
1600000US0660466,0660466,"Rialto city, California",0.393,0.025
1600000US0660620,0660620,"Richmond city, California",0.409,0.022
1600000US0662000,0662000,"Riverside city, California",0.419,0.017
1600000US0662938,0662938,"Roseville city, California",0.397,0.042
1600000US0664000,0664000,"Sacramento city, California",0.435,0.011
1600000US0664224,0664224,"Salinas city, California",0.414,0.027
1600000US0665000,0665000,"San Bernardino city, California",0.413,0.024
1600000US0665042,0665042,"San Buenaventura (Ventura) city, California",0.429,0.034
1600000US0666000,0666000,"San Diego city, California",0.456,0.008
1600000US0667000,0667000,"San Francisco city, California",0.497,0.012
1600000US0668000,0668000,"San Jose city, California",0.433,0.011
1600000US0668084,0668084,"San Leandro city, California",0.413,0.029
1600000US0668196,0668196,"San Marcos city, California",0.429,0.031
1600000US0668252,0668252,"San Mateo city, California",0.442,0.029
1600000US0669000,0669000,"Santa Ana city, California",0.388,0.018
1600000US0669070,0669070,"Santa Barbara city, California",0.492,0.038
1600000US0669084,0669084,"Santa Clara city, California",0.393,0.020
1600000US0669088,0669088,"Santa Clarita city, California",0.391,0.021
1600000US0669196,0669196,"Santa Maria city, California",0.400,0.030
1600000US0670000,0670000,"Santa Monica city, California",0.553,0.036
1600000US0670098,0670098,"Santa Rosa city, California",0.438,0.020
1600000US0672016,0672016,"Simi Valley city, California",0.362,0.028
1600000US0673080,0673080,"South Gate city, California",0.375,0.023
1600000US0675000,0675000,"Stockton city, California",0.429,0.017
1600000US0677000,0677000,"Sunnyvale city, California",0.412,0.024
1600000US0678120,0678120,"Temecula city, California",0.372,0.034
1600000US0678582,0678582,"Thousand Oaks city, California",0.415,0.023
1600000US0680000,0680000,"Torrance city, California",0.390,0.023
1600000US0680238,0680238,"Tracy city, California",0.371,0.029
1600000US0680812,0680812,"Turlock city, California",0.417,0.035
1600000US0680854,0680854,"Tustin city, California",0.431,0.053
1600000US0681204,0681204,"Union City city, California",0.390,0.029
1600000US0681344,0681344,"Upland city, California",0.432,0.058
1600000US0681554,0681554,"Vacaville city, California",0.380,0.024
1600000US0681666,0681666,"Vallejo city, California",0.411,0.020
1600000US0682590,0682590,"Victorville city, California",0.425,0.046
1600000US0682954,0682954,"Visalia city, California",0.451,0.033
1600000US0682996,0682996,"Vista city, California",0.383,0.021
1600000US0684200,0684200,"West Covina city, California",0.356,0.022
1600000US0684550,0684550,"Westminster city, California",0.395,0.023
1600000US0685292,0685292,"Whittier city, California",0.412,0.023
1600000US0686832,0686832,"Yorba Linda city, California",0.410,0.056
1600000US0803455,0803455,"Arvada city, Colorado",0.396,0.021
1600000US0804000,0804000,"Aurora city, Colorado",0.408,0.015
1600000US0807850,0807850,"Boulder city, Colorado",0.522,0.025
1600000US0812815,0812815,"Centennial city, Colorado",0.379,0.021
1600000US0816000,0816000,"Colorado Springs city, Colorado",0.425,0.012
1600000US0820000,0820000,"Denver city, Colorado",0.502,0.014
1600000US0827425,0827425,"Fort Collins city, Colorado",0.473,0.025
1600000US0832155,0832155,"Greeley city, Colorado",0.462,0.037
1600000US0836410,0836410,"Highlands Ranch CDP, Colorado",0.324,0.026
1600000US0843000,0843000,"Lakewood city, Colorado",0.421,0.020
1600000US0845970,0845970,"Longmont city, Colorado",0.418,0.029
1600000US0862000,0862000,"Pueblo city, Colorado",0.467,0.038
1600000US0877290,0877290,"Thornton city, Colorado",0.381,0.038
1600000US0883835,0883835,"Westminster city, Colorado",0.407,0.028
1600000US0908000,0908000,"Bridgeport city, Connecticut",0.452,0.017
1600000US0918430,0918430,"Danbury city, Connecticut",0.449,0.044
1600000US0937000,0937000,"Hartford city, Connecticut",0.522,0.031
1600000US0950370,0950370,"New Britain city, Connecticut",0.441,0.038
1600000US0952000,0952000,"New Haven city, Connecticut",0.485,0.021
1600000US0955990,0955990,"Norwalk city, Connecticut",0.496,0.034
1600000US0973000,0973000,"Stamford city, Connecticut",0.544,0.033
1600000US0980000,0980000,"Waterbury city, Connecticut",0.433,0.025
1600000US1077580,1077580,"Wilmington city, Delaware",0.525,0.037
1600000US1150000,1150000,"Washington city, District of Columbia",0.537,0.012
1600000US1207300,1207300,"Boca Raton city, Florida",0.535,0.033
1600000US1207875,1207875,"Boynton Beach city, Florida",0.451,0.028
1600000US1208150,1208150,"Brandon CDP, Florida",0.352,0.023
1600000US1210275,1210275,"Cape Coral city, Florida",0.365,0.023
1600000US1212875,1212875,"Clearwater city, Florida",0.482,0.026
1600000US1214400,1214400,"Coral Springs city, Florida",0.427,0.033
1600000US1216475,1216475,"Davie town, Florida",0.459,0.037
1600000US1216725,1216725,"Deerfield Beach city, Florida",0.461,0.041
1600000US1217200,1217200,"Deltona city, Florida",0.390,0.043
1600000US1224000,1224000,"Fort Lauderdale city, Florida",0.521,0.024
1600000US1225175,1225175,"Gainesville city, Florida",0.542,0.032
1600000US1230000,1230000,"Hialeah city, Florida",0.435,0.019
1600000US1232000,1232000,"Hollywood city, Florida",0.477,0.029
1600000US1235000,1235000,"Jacksonville city, Florida",0.452,0.012
1600000US1236100,1236100,"Kendall CDP, Florida",0.486,0.036
1600000US1238250,1238250,"Lakeland city, Florida",0.462,0.043
1600000US1239425,1239425,"Largo city, Florida",0.467,0.041
1600000US1239925,1239925,"Lehigh Acres CDP, Florida",0.376,0.027
1600000US1243975,1243975,"Melbourne city, Florida",0.428,0.021
1600000US1245000,1245000,"Miami city, Florida",0.533,0.019
1600000US1245025,1245025,"Miami Beach city, Florida",0.572,0.035
1600000US1245060,1245060,"Miami Gardens city, Florida",0.416,0.031
1600000US1245975,1245975,"Miramar city, Florida",0.379,0.025
1600000US1253000,1253000,"Orlando city, Florida",0.462,0.026
1600000US1254000,1254000,"Palm Bay city, Florida",0.384,0.019
1600000US1254200,1254200,"Palm Coast city, Florida",0.342,0.028
1600000US1255775,1255775,"Pembroke Pines city, Florida",0.436,0.033
1600000US1257425,1257425,"Plantation city, Florida",0.423,0.024
1600000US1258050,1258050,"Pompano Beach city, Florida",0.484,0.036
1600000US1258715,1258715,"Port St. Lucie city, Florida",0.380,0.025
1600000US1263000,1263000,"St. Petersburg city, Florida",0.458,0.018
1600000US1268350,1268350,"Spring Hill CDP, Florida",0.403,0.024
1600000US1269700,1269700,"Sunrise city, Florida",0.413,0.028
1600000US1270600,1270600,"Tallahassee city, Florida",0.495,0.023
1600000US1271000,1271000,"Tampa city, Florida",0.556,0.026
1600000US1272145,1272145,"Town 'n' Country CDP, Florida",0.386,0.029
1600000US1276582,1276582,"Weston city, Florida",0.437,0.038
1600000US1276600,1276600,"West Palm Beach city, Florida",0.536,0.050
1600000US1301052,1301052,"Albany city, Georgia",0.452,0.026
1600000US1303440,1303440,"Athens-Clarke County (balance), Georgia",0.518,0.021
1600000US1304000,1304000,"Atlanta city, Georgia",0.575,0.017
1600000US1304204,1304204,"Augusta-Richmond County (balance), Georgia",0.476,0.032
1600000US1319000,1319000,"Columbus city, Georgia",0.478,0.030
1600000US1349000,1349000,"Macon city, Georgia",0.476,0.028
1600000US1367284,1367284,"Roswell city, Georgia",0.457,0.038
1600000US1368516,1368516,"Sandy Springs city, Georgia",0.516,0.024
1600000US1369000,1369000,"Savannah city, Georgia",0.500,0.031
1600000US1517000,1517000,"Honolulu CDP, Hawaii",0.482,0.016
1600000US1608830,1608830,"Boise City city, Idaho",0.421,0.018
1600000US1656260,1656260,"Nampa city, Idaho",0.352,0.028
1600000US1702154,1702154,"Arlington Heights village, Illinois",0.432,0.031
1600000US1703012,1703012,"Aurora city, Illinois",0.394,0.019
1600000US1706613,1706613,"Bloomington city, Illinois",0.430,0.029
1600000US1707133,1707133,"Bolingbrook village, Illinois",0.350,0.039
1600000US1712385,1712385,"Champaign city, Illinois",0.488,0.036
1600000US1714000,1714000,"Chicago city, Illinois",0.510,0.009
1600000US1714351,1714351,"Cicero town, Illinois",0.402,0.042
1600000US1718823,1718823,"Decatur city, Illinois",0.442,0.022
1600000US1723074,1723074,"Elgin city, Illinois",0.365,0.023
1600000US1724582,1724582,"Evanston city, Illinois",0.533,0.047
1600000US1738570,1738570,"Joliet city, Illinois",0.357,0.021
1600000US1751622,1751622,"Naperville city, Illinois",0.418,0.030
1600000US1757225,1757225,"Palatine village, Illinois",0.423,0.040
1600000US1759000,1759000,"Peoria city, Illinois",0.487,0.032
1600000US1765000,1765000,"Rockford city, Illinois",0.465,0.022
1600000US1768003,1768003,"Schaumburg village, Illinois",0.392,0.038
1600000US1770122,1770122,"Skokie village, Illinois",0.426,0.036
1600000US1772000,1772000,"Springfield city, Illinois",0.461,0.025
1600000US1779293,1779293,"Waukegan city, Illinois",0.390,0.036
1600000US1805860,1805860,"Bloomington city, Indiana",0.588,0.051
1600000US1822000,1822000,"Evansville city, Indiana",0.487,0.044
1600000US1825000,1825000,"Fort Wayne city, Indiana",0.432,0.024
1600000US1827000,1827000,"Gary city, Indiana",0.473,0.026
1600000US1831000,1831000,"Hammond city, Indiana",0.407,0.025
1600000US1836003,1836003,"Indianapolis city (balance), Indiana",0.447,0.012
1600000US1851876,1851876,"Muncie city, Indiana",0.461,0.024
1600000US1871000,1871000,"South Bend city, Indiana",0.476,0.035
1600000US1912000,1912000,"Cedar Rapids city, Iowa",0.434,0.030
1600000US1919000,1919000,"Davenport city, Iowa",0.445,0.034
1600000US1921000,1921000,"Des Moines city, Iowa",0.445,0.022
1600000US1973335,1973335,"Sioux City city, Iowa",0.444,0.028
1600000US1982425,1982425,"Waterloo city, Iowa",0.439,0.029
1600000US2036000,2036000,"Kansas City city, Kansas",0.423,0.018
1600000US2038900,2038900,"Lawrence city, Kansas",0.453,0.022
1600000US2052575,2052575,"Olathe city, Kansas",0.372,0.024
1600000US2053775,2053775,"Overland Park city, Kansas",0.412,0.018
1600000US2071000,2071000,"Topeka city, Kansas",0.448,0.021
1600000US2079000,2079000,"Wichita city, Kansas",0.445,0.014
1600000US2146027,2146027,"Lexington-Fayette, Kentucky",0.473,0.021
1600000US2148006,2148006,"Louisville/Jefferson County (balance), Kentucky",0.457,0.012
1600000US2205000,2205000,"Baton Rouge city, Louisiana",0.530,0.026
1600000US2239475,2239475,"Kenner city, Louisiana",0.437,0.043
1600000US2240735,2240735,"Lafayette city, Louisiana",0.527,0.029
1600000US2241155,2241155,"Lake Charles city, Louisiana",0.528,0.038
1600000US2250115,2250115,"Metairie CDP, Louisiana",0.461,0.021
1600000US2255000,2255000,"New Orleans city, Louisiana",0.551,0.024
1600000US2270000,2270000,"Shreveport city, Louisiana",0.510,0.020
1600000US2404000,2404000,"Baltimore city, Maryland",0.476,0.011
1600000US2419125,2419125,"Columbia CDP, Maryland",0.389,0.022
1600000US2472450,2472450,"Silver Spring CDP, Maryland",0.438,0.027
1600000US2507000,2507000,"Boston city, Massachusetts",0.516,0.017
1600000US2509000,2509000,"Brockton city, Massachusetts",0.401,0.026
1600000US2511000,2511000,"Cambridge city, Massachusetts",0.515,0.025
1600000US2523000,2523000,"Fall River city, Massachusetts",0.448,0.025
1600000US2524960,2524960,"Framingham CDP, Massachusetts",0.435,0.029
1600000US2534550,2534550,"Lawrence city, Massachusetts",0.477,0.027
1600000US2537000,2537000,"Lowell city, Massachusetts",0.419,0.030
1600000US2537490,2537490,"Lynn city, Massachusetts",0.458,0.027
1600000US2545000,2545000,"New Bedford city, Massachusetts",0.440,0.021
1600000US2545560,2545560,"Newton city, Massachusetts",0.467,0.025
1600000US2555745,2555745,"Quincy city, Massachusetts",0.434,0.031
1600000US2562535,2562535,"Somerville city, Massachusetts",0.481,0.048
1600000US2567000,2567000,"Springfield city, Massachusetts",0.455,0.020
1600000US2582000,2582000,"Worcester city, Massachusetts",0.468,0.019
1600000US2603000,2603000,"Ann Arbor city, Michigan",0.505,0.023
1600000US2613110,2613110,"Canton CDP, Michigan",0.368,0.028
1600000US2616510,2616510,"Clinton CDP, Michigan",0.421,0.025
1600000US2621000,2621000,"Dearborn city, Michigan",0.453,0.026
1600000US2622000,2622000,"Detroit city, Michigan",0.462,0.009
1600000US2627440,2627440,"Farmington Hills city, Michigan",0.464,0.036
1600000US2629000,2629000,"Flint city, Michigan",0.459,0.038
1600000US2634000,2634000,"Grand Rapids city, Michigan",0.435,0.018
1600000US2642160,2642160,"Kalamazoo city, Michigan",0.507,0.031
1600000US2646000,2646000,"Lansing city, Michigan",0.440,0.017
1600000US2649000,2649000,"Livonia city, Michigan",0.346,0.015
1600000US2665440,2665440,"Pontiac city, Michigan",0.423,0.031
1600000US2669035,2669035,"Rochester Hills city, Michigan",0.453,0.039
1600000US2672818,2672818,"Shelby CDP, Michigan",0.417,0.046
1600000US2674900,2674900,"Southfield city, Michigan",0.415,0.026
1600000US2676460,2676460,"Sterling Heights city, Michigan",0.355,0.017
1600000US2680700,2680700,"Troy city, Michigan",0.374,0.022
1600000US2684000,2684000,"Warren city, Michigan",0.383,0.016
1600000US2684220,2684220,"Waterford CDP, Michigan",0.402,0.027
1600000US2685510,2685510,"West Bloomfield Township CDP, Michigan",0.464,0.041
1600000US2686000,2686000,"Westland city, Michigan",0.371,0.020
1600000US2688940,2688940,"Wyoming city, Michigan",0.372,0.046
1600000US2706616,2706616,"Bloomington city, Minnesota",0.394,0.020
1600000US2707966,2707966,"Brooklyn Park city, Minnesota",0.386,0.037
1600000US2717000,2717000,"Duluth city, Minnesota",0.467,0.032
1600000US2743000,2743000,"Minneapolis city, Minnesota",0.498,0.015
1600000US2751730,2751730,"Plymouth city, Minnesota",0.451,0.050
1600000US2754880,2754880,"Rochester city, Minnesota",0.416,0.024
1600000US2756896,2756896,"St. Cloud city, Minnesota",0.464,0.039
1600000US2758000,2758000,"St. Paul city, Minnesota",0.458,0.013
1600000US2829700,2829700,"Gulfport city, Mississippi",0.441,0.032
1600000US2836000,2836000,"Jackson city, Mississippi",0.499,0.027
1600000US2915670,2915670,"Columbia city, Missouri",0.484,0.024
1600000US2935000,2935000,"Independence city, Missouri",0.400,0.022
1600000US2938000,2938000,"Kansas City city, Missouri",0.461,0.016
1600000US2941348,2941348,"Lee's Summit city, Missouri",0.399,0.021
1600000US2954074,2954074,"O'Fallon city, Missouri",0.338,0.027
1600000US2964550,2964550,"St. Joseph city, Missouri",0.412,0.022
1600000US2965000,2965000,"St. Louis city, Missouri",0.491,0.018
1600000US2970000,2970000,"Springfield city, Missouri",0.442,0.024
1600000US3006550,3006550,"Billings city, Montana",0.435,0.022
1600000US3128000,3128000,"Lincoln city, Nebraska",0.425,0.017
1600000US3137000,3137000,"Omaha city, Nebraska",0.460,0.015
1600000US3223770,3223770,"Enterprise CDP, Nevada",0.369,0.061
1600000US3231900,3231900,"Henderson city, Nevada",0.414,0.024
1600000US3240000,3240000,"Las Vegas city, Nevada",0.463,0.022
1600000US3251800,3251800,"North Las Vegas city, Nevada",0.361,0.018
1600000US3254600,3254600,"Paradise CDP, Nevada",0.436,0.018
1600000US3260600,3260600,"Reno city, Nevada",0.438,0.019
1600000US3268400,3268400,"Sparks city, Nevada",0.368,0.023
1600000US3268585,3268585,"Spring Valley CDP, Nevada",0.445,0.037
1600000US3271400,3271400,"Sunrise Manor CDP, Nevada",0.394,0.026
1600000US3345140,3345140,"Manchester city, New Hampshire",0.403,0.020
1600000US3350260,3350260,"Nashua city, New Hampshire",0.397,0.025
1600000US3410000,3410000,"Camden city, New Jersey",0.483,0.051
1600000US3413690,3413690,"Clifton city, New Jersey",0.415,0.026
1600000US3419390,3419390,"East Orange city, New Jersey",0.466,0.033
1600000US3420260,3420260,"Edison CDP, New Jersey",0.382,0.022
1600000US3421000,3421000,"Elizabeth city, New Jersey",0.420,0.030
1600000US3436000,3436000,"Jersey City city, New Jersey",0.500,0.017
1600000US3451000,3451000,"Newark city, New Jersey",0.461,0.017
1600000US3456550,3456550,"Passaic city, New Jersey",0.454,0.036
1600000US3457000,3457000,"Paterson city, New Jersey",0.462,0.023
1600000US3473110,3473110,"Toms River CDP, New Jersey",0.389,0.021
1600000US3474000,3474000,"Trenton city, New Jersey",0.440,0.024
1600000US3474630,3474630,"Union City city, New Jersey",0.413,0.035
1600000US3502000,3502000,"Albuquerque city, New Mexico",0.441,0.021
1600000US3539380,3539380,"Las Cruces city, New Mexico",0.438,0.028
1600000US3563460,3563460,"Rio Rancho city, New Mexico",0.364,0.031
1600000US3570500,3570500,"Santa Fe city, New Mexico",0.487,0.063
1600000US3601000,3601000,"Albany city, New York",0.429,0.026
1600000US3611000,3611000,"Buffalo city, New York",0.496,0.014
1600000US3615000,3615000,"Cheektowaga CDP, New York",0.355,0.019
1600000US3649121,3649121,"Mount Vernon city, New York",0.471,0.037
1600000US3650617,3650617,"New Rochelle city, New York",0.537,0.031
1600000US3651000,3651000,"New York city, New York",0.532,0.004
1600000US3663000,3663000,"Rochester city, New York",0.478,0.019
1600000US3673000,3673000,"Syracuse city, New York",0.494,0.034
1600000US3684000,3684000,"Yonkers city, New York",0.445,0.019
1600000US3702140,3702140,"Asheville city, North Carolina",0.490,0.040
1600000US3710740,3710740,"Cary town, North Carolina",0.414,0.024
1600000US3712000,3712000,"Charlotte city, North Carolina",0.492,0.014
1600000US3719000,3719000,"Durham city, North Carolina",0.473,0.026
1600000US3722920,3722920,"Fayetteville city, North Carolina",0.434,0.019
1600000US3725580,3725580,"Gastonia city, North Carolina",0.487,0.069
1600000US3728000,3728000,"Greensboro city, North Carolina",0.482,0.023
1600000US3728080,3728080,"Greenville city, North Carolina",0.534,0.035
1600000US3731400,3731400,"High Point city, North Carolina",0.465,0.028
1600000US3734200,3734200,"Jacksonville city, North Carolina",0.396,0.046
1600000US3755000,3755000,"Raleigh city, North Carolina",0.455,0.016
1600000US3774440,3774440,"Wilmington city, North Carolina",0.523,0.039
1600000US3775000,3775000,"Winston-Salem city, North Carolina",0.501,0.021
1600000US3825700,3825700,"Fargo city, North Dakota",0.476,0.027
1600000US3901000,3901000,"Akron city, Ohio",0.443,0.018
1600000US3912000,3912000,"Canton city, Ohio",0.449,0.023
1600000US3915000,3915000,"Cincinnati city, Ohio",0.537,0.017
1600000US3916000,3916000,"Cleveland city, Ohio",0.459,0.012
1600000US3918000,3918000,"Columbus city, Ohio",0.441,0.011
1600000US3921000,3921000,"Dayton city, Ohio",0.455,0.020
1600000US3944856,3944856,"Lorain city, Ohio",0.439,0.027
1600000US3961000,3961000,"Parma city, Ohio",0.377,0.018
1600000US3977000,3977000,"Toledo city, Ohio",0.447,0.015
1600000US3988000,3988000,"Youngstown city, Ohio",0.463,0.020
1600000US4009050,4009050,"Broken Arrow city, Oklahoma",0.390,0.033
1600000US4023200,4023200,"Edmond city, Oklahoma",0.544,0.051
1600000US4041850,4041850,"Lawton city, Oklahoma",0.429,0.062
1600000US4052500,4052500,"Norman city, Oklahoma",0.481,0.020
1600000US4055000,4055000,"Oklahoma City city, Oklahoma",0.467,0.015
1600000US4075000,4075000,"Tulsa city, Oklahoma",0.503,0.016
1600000US4105350,4105350,"Beaverton city, Oregon",0.426,0.029
1600000US4105800,4105800,"Bend city, Oregon",0.407,0.027
1600000US4123850,4123850,"Eugene city, Oregon",0.477,0.021
1600000US4131250,4131250,"Gresham city, Oregon",0.405,0.022
1600000US4134100,4134100,"Hillsboro city, Oregon",0.377,0.021
1600000US4147000,4147000,"Medford city, Oregon",0.445,0.049
1600000US4159000,4159000,"Portland city, Oregon",0.480,0.013
1600000US4164900,4164900,"Salem city, Oregon",0.409,0.019
1600000US4202000,4202000,"Allentown city, Pennsylvania",0.419,0.024
1600000US4206088,4206088,"Bethlehem city, Pennsylvania",0.431,0.026
1600000US4224000,4224000,"Erie city, Pennsylvania",0.441,0.022
1600000US4260000,4260000,"Philadelphia city, Pennsylvania",0.489,0.009
1600000US4261000,4261000,"Pittsburgh city, Pennsylvania",0.495,0.017
1600000US4263624,4263624,"Reading city, Pennsylvania",0.396,0.026
1600000US4269000,4269000,"Scranton city, Pennsylvania",0.419,0.023
1600000US4419180,4419180,"Cranston city, Rhode Island",0.404,0.023
1600000US4454640,4454640,"Pawtucket city, Rhode Island",0.415,0.028
1600000US4459000,4459000,"Providence city, Rhode Island",0.495,0.023
1600000US4474300,4474300,"Warwick city, Rhode Island",0.404,0.032
1600000US4513330,4513330,"Charleston city, South Carolina",0.527,0.032
1600000US4516000,4516000,"Columbia city, South Carolina",0.522,0.042
1600000US4550875,4550875,"North Charleston city, South Carolina",0.455,0.028
1600000US4659020,4659020,"Sioux Falls city, South Dakota",0.429,0.027
1600000US4714000,4714000,"Chattanooga city, Tennessee",0.500,0.029
1600000US4715160,4715160,"Clarksville city, Tennessee",0.419,0.044
1600000US4740000,4740000,"Knoxville city, Tennessee",0.507,0.023
1600000US4748000,4748000,"Memphis city, Tennessee",0.488,0.012
1600000US4751560,4751560,"Murfreesboro city, Tennessee",0.455,0.028
1600000US4752006,4752006,"Nashville-Davidson (balance), Tennessee",0.470,0.012
1600000US4801000,4801000,"Abilene city, Texas",0.447,0.038
1600000US4801924,4801924,"Allen city, Texas",0.331,0.023
1600000US4803000,4803000,"Amarillo city, Texas",0.459,0.032
1600000US4804000,4804000,"Arlington city, Texas",0.418,0.013
1600000US4805000,4805000,"Austin city, Texas",0.485,0.013
1600000US4806128,4806128,"Baytown city, Texas",0.411,0.027
1600000US4807000,4807000,"Beaumont city, Texas",0.536,0.033
1600000US4810768,4810768,"Brownsville city, Texas",0.477,0.022
1600000US4810912,4810912,"Bryan city, Texas",0.440,0.031
1600000US4813024,4813024,"Carrollton city, Texas",0.388,0.023
1600000US4815976,4815976,"College Station city, Texas",0.576,0.035
1600000US4817000,4817000,"Corpus Christi city, Texas",0.484,0.025
1600000US4819000,4819000,"Dallas city, Texas",0.532,0.010
1600000US4819972,4819972,"Denton city, Texas",0.467,0.030
1600000US4822660,4822660,"Edinburg city, Texas",0.468,0.034
1600000US4824000,4824000,"El Paso city, Texas",0.479,0.020
1600000US4826232,4826232,"Flower Mound town, Texas",0.359,0.033
1600000US4827000,4827000,"Fort Worth city, Texas",0.464,0.014
1600000US4827684,4827684,"Frisco city, Texas",0.399,0.040
1600000US4829000,4829000,"Garland city, Texas",0.407,0.029
1600000US4830464,4830464,"Grand Prairie city, Texas",0.392,0.018
1600000US4835000,4835000,"Houston city, Texas",0.512,0.010
1600000US4837000,4837000,"Irving city, Texas",0.450,0.022
1600000US4839148,4839148,"Killeen city, Texas",0.414,0.034
1600000US4841464,4841464,"Laredo city, Texas",0.462,0.023
1600000US4841980,4841980,"League City city, Texas",0.382,0.049
1600000US4842508,4842508,"Lewisville city, Texas",0.365,0.017
1600000US4843888,4843888,"Longview city, Texas",0.438,0.025
1600000US4845000,4845000,"Lubbock city, Texas",0.473,0.020
1600000US4845384,4845384,"McAllen city, Texas",0.484,0.029
1600000US4845744,4845744,"McKinney city, Texas",0.421,0.030
1600000US4847892,4847892,"Mesquite city, Texas",0.408,0.053
1600000US4848072,4848072,"Midland city, Texas",0.518,0.038
1600000US4848804,4848804,"Missouri City city, Texas",0.390,0.053
1600000US4853388,4853388,"Odessa city, Texas",0.439,0.034
1600000US4856000,4856000,"Pasadena city, Texas",0.444,0.021
1600000US4856348,4856348,"Pearland city, Texas",0.386,0.065
1600000US4858016,4858016,"Plano city, Texas",0.442,0.022
1600000US4861796,4861796,"Richardson city, Texas",0.402,0.021
1600000US4863500,4863500,"Round Rock city, Texas",0.364,0.023
1600000US4864472,4864472,"San Angelo city, Texas",0.460,0.027
1600000US4865000,4865000,"San Antonio city, Texas",0.457,0.007
1600000US4870808,4870808,"Sugar Land city, Texas",0.444,0.032
1600000US4872656,4872656,"The Woodlands CDP, Texas",0.497,0.044
1600000US4874144,4874144,"Tyler city, Texas",0.510,0.042
1600000US4876000,4876000,"Waco city, Texas",0.510,0.031
1600000US4879000,4879000,"Wichita Falls city, Texas",0.538,0.044
1600000US4955980,4955980,"Ogden city, Utah",0.405,0.026
1600000US4957300,4957300,"Orem city, Utah",0.409,0.037
1600000US4962470,4962470,"Provo city, Utah",0.491,0.053
1600000US4965330,4965330,"St. George city, Utah",0.368,0.029
1600000US4967000,4967000,"Salt Lake City city, Utah",0.492,0.023
1600000US4967440,4967440,"Sandy city, Utah",0.381,0.028
1600000US4982950,4982950,"West Jordan city, Utah",0.325,0.022
1600000US4983470,4983470,"West Valley City city, Utah",0.362,0.022
1600000US5101000,5101000,"Alexandria city, Virginia",0.465,0.031
1600000US5103000,5103000,"Arlington CDP, Virginia",0.447,0.024
1600000US5116000,5116000,"Chesapeake city, Virginia",0.385,0.019
1600000US5121088,5121088,"Dale City CDP, Virginia",0.341,0.026
1600000US5135000,5135000,"Hampton city, Virginia",0.382,0.018
1600000US5147672,5147672,"Lynchburg city, Virginia",0.495,0.043
1600000US5156000,5156000,"Newport News city, Virginia",0.417,0.020
1600000US5157000,5157000,"Norfolk city, Virginia",0.448,0.022
1600000US5164000,5164000,"Portsmouth city, Virginia",0.399,0.019
1600000US5167000,5167000,"Richmond city, Virginia",0.513,0.024
1600000US5168000,5168000,"Roanoke city, Virginia",0.457,0.035
1600000US5176432,5176432,"Suffolk city, Virginia",0.408,0.037
1600000US5182000,5182000,"Virginia Beach city, Virginia",0.394,0.019
1600000US5305210,5305210,"Bellevue city, Washington",0.477,0.034
1600000US5305280,5305280,"Bellingham city, Washington",0.459,0.024
1600000US5322640,5322640,"Everett city, Washington",0.403,0.024
1600000US5323515,5323515,"Federal Way city, Washington",0.403,0.029
1600000US5335415,5335415,"Kent city, Washington",0.421,0.026
1600000US5363000,5363000,"Seattle city, Washington",0.487,0.014
1600000US5367000,5367000,"Spokane city, Washington",0.436,0.018
1600000US5367167,5367167,"Spokane Valley city, Washington",0.378,0.023
1600000US5370000,5370000,"Tacoma city, Washington",0.439,0.021
1600000US5374060,5374060,"Vancouver city, Washington",0.428,0.018
1600000US5380010,5380010,"Yakima city, Washington",0.487,0.038
1600000US5502375,5502375,"Appleton city, Wisconsin",0.422,0.023
1600000US5531000,5531000,"Green Bay city, Wisconsin",0.438,0.027
1600000US5539225,5539225,"Kenosha city, Wisconsin",0.424,0.034
1600000US5548000,5548000,"Madison city, Wisconsin",0.438,0.023
1600000US5553000,5553000,"Milwaukee city, Wisconsin",0.445,0.015
1600000US5566000,5566000,"Racine city, Wisconsin",0.414,0.029
1600000US5584250,5584250,"Waukesha city, Wisconsin",0.418,0.028
